name,address,rating,rating_count,types,query,lat,lng,price_level,Monday,Tuesday,Wednesday,Thursday,Friday,Saturday,Sunday,website
Subito,"34 N Delaware St, Indianapolis, IN 46204, United States",4.9,296,"meal_takeaway, restaurant, food, point_of_interest, establishment",restaurant,39.7679983,-86.1546315,1,10:00 AM - 3:00 PM,10:00 AM - 3:00 PM,10:00 AM - 3:00 PM,10:00 AM - 3:00 PM,10:00 AM - 3:00 PM,Closed,Closed,http://www.subitosoups.com/
Sauce on the SideÂ®,"130 S Pennsylvania St Suite 2, Indianapolis, IN 46204, United States",4.8,235,"meal_delivery, restaurant, food, point_of_interest, establishment",restaurant,39.7646003,-86.15671359999999,2,11:00 AM - 9:00 PM,11:00 AM - 9:00 PM,11:00 AM - 9:00 PM,11:00 AM - 9:00 PM,11:00 AM - 10:00 PM,11:00 AM - 10:00 PM,12:00 - 8:00 PM,http://www.sauceontheside.com/
Harry & Izzy's,"153 S Illinois St, Indianapolis, IN 46225, United States",4.7,2962,"restaurant, food, point_of_interest, establishment",restaurant,39.764575,-86.15966,4,11:00 AM - 10:00 PM,11:00 AM - 10:00 PM,11:00 AM - 10:00 PM,11:00 AM - 10:00 PM,11:00 AM - 11:00 PM,11:00 AM - 11:00 PM,12:00 - 9:00 PM,http://www.harryandizzys.com/
Yats,"AVENUE, 910 W 10th St, Indianapolis, IN 46202, United States",4.7,502,"restaurant, food, point_of_interest, establishment",restaurant,39.7811066,-86.1750151,1,11:00 AM - 8:00 PM,11:00 AM - 8:00 PM,11:00 AM - 8:00 PM,11:00 AM - 8:00 PM,11:00 AM - 8:00 PM,Closed,Closed,https://yatscajuncreole.com/wp/indiana/
Bru Burger Bar,"410 Massachusetts Ave, Indianapolis, IN 46204, United States",4.5,4536,"bar, restaurant, food, point_of_interest, establishment",restaurant,39.77333199999999,-86.1521353,2,11:00 AM - 10:00 PM,11:00 AM - 10:00 PM,11:00 AM - 10:00 PM,11:00 AM - 10:00 PM,11:00 AM - 11:00 PM,11:00 AM - 11:00 PM,11:00 AM - 10:00 PM,https://www.bruburgerbar.com/Locations/Bru-Indy/
Bakersfield,"334 Massachusetts Ave, Indianapolis, IN 46204, United States",4.5,2378,"bar, restaurant, food, point_of_interest, establishment",restaurant,39.77198119999999,-86.1535945,2,4:00 - 11:00 PM,4:00 - 11:00 PM,4:00 - 11:00 PM,4:00 - 11:00 PM,11:00 AM - 12:00 AM,11:00 AM - 12:00 AM,11:00 AM - 10:00 PM,http://www.bakersfieldtacos.com/
Bazbeaux,"333 Massachusetts Ave, Indianapolis, IN 46204, United States",4.5,2039,"meal_takeaway, restaurant, food, point_of_interest, establishment",restaurant,39.7716322,-86.1534837,2,11:00 AM - 9:00 PM,11:00 AM - 9:00 PM,11:00 AM - 9:00 PM,11:00 AM - 9:00 PM,11:00 AM - 10:00 PM,11:00 AM - 10:00 PM,11:00 AM - 9:00 PM,http://www.bazbeaux.com/
Bosphorus Istanbul Cafe,"935 S East St, Indianapolis, IN 46225, United States",4.5,1482,"restaurant, food, point_of_interest, establishment",restaurant,39.7545579,-86.149301,2,11:00 AM - 9:00 PM,11:00 AM - 9:00 PM,11:00 AM - 9:00 PM,11:00 AM - 9:00 PM,11:00 AM - 10:00 PM,12:00 - 10:00 PM,4:00 - 8:00 PM,https://thebosphoruscafe.com/
Mimi Blue Restaurants,"870 Massachusetts Ave, Indianapolis, IN 46202, United States",4.5,1148,"restaurant, food, point_of_interest, establishment",restaurant,39.77943339999999,-86.1429271,2,11:00 AM - 10:00 PM,11:00 AM - 10:00 PM,11:00 AM - 10:00 PM,11:00 AM - 10:00 PM,11:00 AM - 10:00 PM,10:00 AM - 10:00 PM,10:00 AM - 9:00 PM,https://www.mimibluerestaurants.com/menus
Rooster's Kitchen,"888 Massachusetts Ave, Indianapolis, IN 46204, United States",4.5,654,"restaurant, food, point_of_interest, establishment",restaurant,39.77963329999999,-86.1425386,2,11:00 AM - 4:00 PM,Closed,11:00 AM - 4:00 PM,11:00 AM - 9:00 PM,11:00 AM - 10:00 PM,11:00 AM - 10:00 PM,10:00 AM - 4:00 PM,http://roostersindy.com/
Ember Urban Eatery,"435 Virginia Ave, Indianapolis, IN 46203, United States",4.5,470,"bar, restaurant, food, point_of_interest, establishment",restaurant,39.7603619,-86.1489485,2,Closed,4:00 - 9:30 PM,4:00 - 9:30 PM,"11:00 AM - 2:00 PM, 4:00 - 9:30 PM","11:00 AM - 2:00 PM, 4:00 - 10:00 PM",12:00 - 10:00 PM,Closed,http://www.emberurbaneatery.com/about/
Naf Naf Grill,"921 Indiana Ave, Indianapolis, IN 46202, United States",4.5,288,"restaurant, food, point_of_interest, establishment",restaurant,39.7799276,-86.17235869999999,1,11:00 AM - 9:00 PM,11:00 AM - 9:00 PM,11:00 AM - 9:00 PM,11:00 AM - 9:00 PM,11:00 AM - 9:00 PM,11:00 AM - 9:00 PM,11:00 AM - 9:00 PM,https://www.nafnafgrill.com/
Yard House,"15 W Maryland St, Indianapolis, IN 46204, United States",4.4,2766,"bar, meal_takeaway, restaurant, food, point_of_interest, establishment",restaurant,39.7653282,-86.1591399,2,11:00 AM - 10:30 PM,11:00 AM - 10:30 PM,11:00 AM - 10:30 PM,11:00 AM - 10:30 PM,11:00 AM - 11:30 PM,11:00 AM - 11:30 PM,11:00 AM - 10:30 PM,https://www.yardhouse.com/locations/in/indianapolis/indianapolis-circle-centre/8360?cmpid=br:yh_ag:ie_ch:dry_ca:YHGMB_sn:gmb_gt:indianapolis-in-8360_pl:locurl_rd:1057
Mesh - Indianapolis,"725 Massachusetts Ave, Indianapolis, IN 46204, United States",4.4,1275,"bar, restaurant, food, point_of_interest, establishment",restaurant,39.7767191,-86.1461999,3,11:00 AM - 10:00 PM,11:00 AM - 10:00 PM,11:00 AM - 10:00 PM,11:00 AM - 10:00 PM,11:00 AM - 10:00 PM,11:00 AM - 10:00 PM,10:00 AM - 9:00 PM,https://www.meshrestaurants.com/#loc3
The District Tap,"141 S Meridian St, Indianapolis, IN 46225, United States",4.4,836,"bar, restaurant, food, point_of_interest, establishment",restaurant,39.7645516,-86.1579895,2,11:00 AM - 12:00 AM,11:00 AM - 12:00 AM,11:00 AM - 12:00 AM,11:00 AM - 2:00 AM,11:00 AM - 2:00 AM,11:00 AM - 2:00 AM,11:00 AM - 12:00 AM,http://thedistricttap.com/
Abbiocco Pizzeria,"906 Carrollton Ave suite 385, Indianapolis, IN 46202, United States",4.3,18,"restaurant, food, point_of_interest, establishment",restaurant,39.7805219,-86.1438378,2,10:30 AM - 9:00 PM,10:30 AM - 9:00 PM,10:30 AM - 9:00 PM,10:30 AM - 9:00 PM,10:30 AM - 10:00 PM,10:30 AM - 10:00 PM,10:30 AM - 9:00 PM,http://abbioccopizzeria.com/
Weber Grill Restaurant,"10 N Illinois St, Indianapolis, IN 46204, United States",4.2,2510,"bar, restaurant, food, point_of_interest, establishment",restaurant,39.7676051,-86.1600653,2,11:30 AM - 9:00 PM,11:30 AM - 9:00 PM,11:30 AM - 9:00 PM,11:30 AM - 9:00 PM,11:30 AM - 10:00 PM,11:30 AM - 10:00 PM,11:30 AM - 9:00 PM,http://www.webergrillrestaurant.com/
1913 Restaurant,"40 W Jackson Pl, Indianapolis, IN 46225, United States",4.2,52,"restaurant, food, point_of_interest, establishment",restaurant,39.7637318,-86.1594806,,6:30 - 10:00 AM,6:30 - 10:00 AM,6:30 - 10:00 AM,6:30 - 10:00 AM,6:30 - 10:00 AM,7:00 AM - 12:00 PM,7:00 AM - 12:00 PM,https://www.omnihotels.com/hotels/indianapolis-severin/dining/1913-restaurant
BODHI,"922 Massachusetts Ave, Indianapolis, IN 46202, United States",4.9,223,"bar, restaurant, food, point_of_interest, establishment",asian restaurant,39.7802203,-86.1418027,,5:00 - 10:00 PM,Closed,5:00 - 10:00 PM,5:00 - 10:00 PM,5:00 - 11:00 PM,4:00 - 11:00 PM,5:00 - 10:00 PM,http://www.bodhi-indy.com/
Wisanggeni Pawon,"1021 N Pennsylvania St, Indianapolis, IN 46204, United States",4.8,13,"restaurant, food, point_of_interest, establishment",asian restaurant,39.7817574,-86.1551846,,11:30 AM - 9:30 PM,11:30 AM - 9:30 PM,11:30 AM - 9:30 PM,11:30 AM - 9:30 PM,11:30 AM - 9:30 PM,3:00 - 9:30 PM,3:00 - 9:30 PM,http://www.wpawon.com/
Stixx Social Room & Asian Grill,"361 Indiana Ave #1705, Indianapolis, IN 46204, United States",4.6,326,"bar, restaurant, food, point_of_interest, establishment",asian restaurant,39.7726576,-86.1628078,2,Closed,3:00 - 10:00 PM,3:00 - 10:00 PM,3:00 - 10:00 PM,12:00 PM - 12:00 AM,5:00 PM - 12:00 AM,Closed,http://stixxcigarbar.com/
FortyFive Degrees,"765 Massachusetts Ave, Indianapolis, IN 46204, United States",4.5,1554,"night_club, bar, restaurant, food, point_of_interest, establishment",asian restaurant,39.77728219999999,-86.14543909999999,2,11:00 AM - 11:00 PM,11:00 AM - 11:00 PM,11:00 AM - 11:00 PM,11:00 AM - 11:00 PM,11:00 AM - 12:00 AM,12:00 PM - 12:00 AM,12:00 - 10:00 PM,http://www.fortyfiveindy.com/
Thai Paradise,"137 W Market St, Indianapolis, IN 46204, United States",4.5,577,"restaurant, food, point_of_interest, establishment",asian restaurant,39.76841939999999,-86.1612361,,"11:00 AM - 3:00 PM, 4:00 - 9:00 PM","11:00 AM - 3:00 PM, 4:00 - 9:00 PM","11:00 AM - 3:00 PM, 4:00 - 9:00 PM","11:00 AM - 3:00 PM, 4:00 - 9:00 PM","11:00 AM - 3:00 PM, 4:00 - 9:00 PM",12:00 - 9:00 PM,Closed,https://www.thaiparadiseindianapolis.com/rs/index_home.action?pageType=D
Siam Square,"936 Virginia Ave, Indianapolis, IN 46203, United States",4.4,941,"bar, restaurant, food, point_of_interest, establishment",asian restaurant,39.7543683,-86.1419161,2,Closed,11:00 AM - 9:00 PM,11:00 AM - 9:00 PM,11:00 AM - 9:00 PM,11:00 AM - 10:00 PM,12:00 - 10:00 PM,12:00 - 9:00 PM,http://www.siamsquareindy.com/
Modita,"850 Massachusetts Ave Suite 110, Indianapolis, IN 46204, United States",4.4,225,"restaurant, food, point_of_interest, establishment",asian restaurant,39.7797598,-86.14338289999999,,5:00 - 10:00 PM,5:00 - 10:00 PM,5:00 - 10:00 PM,5:00 - 10:00 PM,4:00 - 11:00 PM,4:00 - 11:00 PM,4:00 - 9:00 PM,https://www.modita.com/
Yoshi,"72 W New York St, Indianapolis, IN 46204, United States",4.4,55,"cafe, meal_takeaway, restaurant, food, point_of_interest, establishment",asian restaurant,39.771553,-86.159229,,11:00 AM - 1:00 AM,11:00 AM - 1:00 AM,11:00 AM - 1:00 PM,11:00 AM - 1:00 AM,11:00 AM - 3:00 AM,5:00 PM - 3:00 AM,Closed,http://www.yoshiyum.com/
Bangkok Restaurant & Jazz Bar,"225 E Ohio St, Indianapolis, IN 46204, United States",4.3,567,"bar, restaurant, food, point_of_interest, establishment",asian restaurant,39.769636,-86.15355699999999,2,"11:00 AM - 3:30 PM, 4:30 - 9:00 PM","11:00 AM - 3:30 PM, 4:30 - 9:00 PM","11:00 AM - 3:30 PM, 4:30 - 9:00 PM","11:00 AM - 3:30 PM, 4:30 - 9:00 PM","11:00 AM - 3:30 PM, 4:30 - 10:00 PM",11:00 AM - 10:00 PM,12:00 - 9:00 PM,http://bangkokthaiandjazzbar.com/
Wei Ramen,"36 E Washington St, Indianapolis, IN 46204, United States",4.3,457,"restaurant, food, point_of_interest, establishment",asian restaurant,39.7672794,-86.1568159,,10:30 AM - 9:00 PM,10:30 AM - 9:00 PM,10:30 AM - 9:00 PM,10:30 AM - 9:00 PM,10:30 AM - 10:00 PM,10:30 AM - 10:00 PM,10:30 AM - 9:00 PM,http://weiramen.com/
Bento Asian Bistro,"901 Indiana Ave, Indianapolis, IN 46202, United States",4.2,575,"restaurant, food, point_of_interest, establishment",asian restaurant,39.779567,-86.1730183,1,Closed,11:00 AM - 9:30 PM,11:00 AM - 9:30 PM,11:00 AM - 9:30 PM,11:00 AM - 9:30 PM,11:00 AM - 9:30 PM,11:00 AM - 9:30 PM,https://www.eatmenu24.com/forward?route=bentoasianbistro_aojf38109f85zvui
Thaitanium,"735 Massachusetts Ave, Indianapolis, IN 46204, United States",4.2,541,"restaurant, food, point_of_interest, establishment",asian restaurant,39.77694699999999,-86.14599679999999,2,"11:00 AM - 3:00 PM, 4:30 - 9:00 PM","11:00 AM - 3:00 PM, 4:30 - 9:00 PM","11:00 AM - 3:00 PM, 4:30 - 9:00 PM","11:00 AM - 3:00 PM, 4:30 - 9:00 PM","11:00 AM - 3:00 PM, 4:30 - 9:00 PM",11:00 AM - 9:00 PM,12:00 - 9:00 PM,http://www.thaitaniumindianapolis.com/
La Chinita Poblana,"906 Carrollton Ave, Indianapolis, IN 46202, United States",4.2,167,"restaurant, food, point_of_interest, establishment",asian restaurant,39.78009249999999,-86.14364379999999,1,10:30 AM - 9:00 PM,10:30 AM - 9:00 PM,10:30 AM - 9:00 PM,10:30 AM - 9:00 PM,10:30 AM - 10:00 PM,10:30 AM - 10:00 PM,10:30 AM - 9:00 PM,http://www.lachinitapoblana.com/
Hongkong Chinese Restaurant,"1025 Virginia Ave, Indianapolis, IN 46203, United States",4.1,33,"restaurant, food, point_of_interest, establishment",asian restaurant,39.75336129999999,-86.1413905,1,Closed,11:00 AM - 9:00 PM,11:00 AM - 9:00 PM,11:00 AM - 9:00 PM,11:00 AM - 10:00 PM,11:00 AM - 10:00 PM,12:00 - 9:00 PM,http://hongkongchinain.com/
Asian Harbor,"203 W Michigan St, Indianapolis, IN 46204, United States",4.0,367,"restaurant, food, point_of_interest, establishment",asian restaurant,39.7740558,-86.1618538,2,Closed,11:00 AM - 9:00 PM,11:00 AM - 9:00 PM,11:00 AM - 9:00 PM,11:00 AM - 10:00 PM,11:00 AM - 10:00 PM,12:00 - 10:00 PM,http://www.asianharborindy.com/
P.F. Chang's,"49 W Maryland St Ste 226, Indianapolis, IN 46204, United States",3.9,1824,"meal_delivery, meal_takeaway, restaurant, food, point_of_interest, establishment",asian restaurant,39.76660469999999,-86.1595627,2,11:00 AM - 10:00 PM,11:00 AM - 10:00 PM,11:00 AM - 10:00 PM,11:00 AM - 10:00 PM,11:00 AM - 10:00 PM,11:00 AM - 10:00 PM,11:00 AM - 10:00 PM,https://www.pfchangs.com/locations/us/in/indianapolis/49-w-maryland-st/8400-indianapolis.html?utm_source=YextMain&utm_medium=Directory
Panda Express,"645 Oscar Robertson Blvd, Indianapolis, IN 46202, United States",3.8,860,"restaurant, food, point_of_interest, establishment",asian restaurant,39.78128289999999,-86.1703896,1,10:30 AM - 9:30 PM,10:30 AM - 9:30 PM,10:30 AM - 9:30 PM,10:30 AM - 9:30 PM,10:30 AM - 10:00 PM,10:30 AM - 10:00 PM,11:00 AM - 9:00 PM,https://www.pandaexpress.com/userlocation/1897/IN/Indianapolis/645-Oscar-Robertson-Blvd
China King,"148 N Delaware St, Indianapolis, IN 46204, United States",3.8,277,"meal_delivery, restaurant, food, point_of_interest, establishment",asian restaurant,39.76955220000001,-86.1545841,1,10:30 AM - 9:00 PM,10:30 AM - 9:00 PM,10:30 AM - 9:00 PM,10:30 AM - 9:00 PM,10:30 AM - 9:00 PM,Closed,12:00 - 8:30 PM,https://chinaking.uorder.io/
Circles Ice Cream,"607 Fulton St, Indianapolis, IN 46202, United States",5.0,21,"food, point_of_interest, store, establishment",ice cream,39.775598,-86.1438939,,Closed,Closed,Closed,Closed,4:00 - 6:00 PM,11:00 AM - 1:00 PM,Closed,http://www.circlesicecream.com/
Howdy Homemade Ice Cream,"370 N New Jersey St, Indianapolis, IN 46204, United States",5.0,13,"food, point_of_interest, store, establishment",ice cream,39.7718308,-86.1521207,,Closed,12:00 - 9:00 PM,12:00 - 9:00 PM,12:00 - 9:00 PM,12:00 - 9:00 PM,12:00 - 9:00 PM,12:00 - 9:00 PM,http://www.howdyindy.com/
Scoopz Ice Cream,"1220 Waterway Blvd, Indianapolis, IN 46202, United States",5.0,1,"food, point_of_interest, store, establishment",ice cream,39.7849106,-86.1843391,,12:00 - 8:00 PM,12:00 - 8:00 PM,12:00 - 8:00 PM,12:00 - 8:00 PM,12:00 - 8:00 PM,12:00 - 8:00 PM,Closed,http://www.scoopzicecream.com/
Plains' Dippin' Dots,"1200 W Washington St, Indianapolis, IN 46222, United States",4.9,7,"food, point_of_interest, store, establishment",ice cream,39.7678211,-86.1835772,,12:00 - 9:00 PM,12:00 - 9:00 PM,12:00 - 9:00 PM,12:00 - 9:00 PM,12:00 - 9:00 PM,12:00 - 9:00 PM,12:00 - 9:00 PM,https://www.indianapoliszoo.com/
LiftOff Creamery,"111 E 16th St Ste 105, Indianapolis, IN 46202, United States",4.8,224,"food, point_of_interest, store, establishment",ice cream,39.7882278,-86.1551384,1,12:30 - 9:00 PM,12:30 - 9:00 PM,12:30 - 9:00 PM,12:30 - 9:00 PM,12:30 - 10:00 PM,12:30 - 10:00 PM,12:30 - 9:00 PM,https://www.liftoffcreamery.com/
Square Scoop,"1028 Virginia Ave Suite 100, Indianapolis, IN 46203, United States",4.8,150,"food, point_of_interest, store, establishment",ice cream,39.7535551,-86.140872,1,Closed,2:00 - 9:00 PM,2:00 - 9:00 PM,2:00 - 9:00 PM,2:00 - 9:00 PM,12:00 - 9:00 PM,12:00 - 8:00 PM,http://www.sqrscoop.com/
Dairy Queen (Treat),"3826 English Ave, Indianapolis, IN 46201, United States",4.6,316,"food, point_of_interest, store, establishment",ice cream,39.75800580000001,-86.1400142,1,12:00 - 9:00 PM,12:00 - 9:00 PM,12:00 - 9:00 PM,12:00 - 9:00 PM,12:00 - 9:00 PM,12:00 - 9:00 PM,12:00 - 9:00 PM,https://www.dairyqueen.com/us-en/Locator/Detail/?localechange=1&store-id=2762&y_source=1_ODk5NjM5OC03MTUtbG9jYXRpb24ud2Vic2l0ZQ%3D%3D
Dairy Queen (Treat),"1024 Fletcher Ave, Indianapolis, IN 46203, United States",4.1,396,"food, point_of_interest, store, establishment",ice cream,39.75800580000001,-86.1400142,1,12:00 - 9:00 PM,12:00 - 9:00 PM,12:00 - 9:00 PM,12:00 - 9:00 PM,12:00 - 9:00 PM,12:00 - 9:00 PM,12:00 - 9:00 PM,https://www.dairyqueen.com/us-en/Locator/Detail/?localechange=1&store-id=2762&y_source=1_ODk5NjM5OC03MTUtbG9jYXRpb24ud2Vic2l0ZQ%3D%3D
Kilwins Indianapolis,"530 Massachusetts Ave #110, Indianapolis, IN 46204, United States",4.6,201,"food, point_of_interest, store, establishment",ice cream,39.7745596,-86.1500066,2,Closed,Closed,Closed,5:00 - 9:00 PM,4:00 - 10:00 PM,1:00 - 10:00 PM,1:00 - 9:00 PM,http://www.kilwins.com/stores/kilwins-indianapolis
Lick Ice Cream Indy,"906 Carrollton Ave suite 360 Indianapolis IN 46204, Indianapolis, IN 46201, United States",4.6,117,"food, point_of_interest, store, establishment",ice cream,39.7803318,-86.1438257,,12:00 - 9:00 PM,12:00 - 9:00 PM,12:00 - 9:00 PM,12:00 - 9:00 PM,12:00 - 10:00 PM,12:00 - 10:00 PM,12:00 - 9:00 PM,https://www.facebook.com/LickIceCreamIndy/
Nicey Treat,"655 Virginia Ave, Indianapolis, IN 46203, United States",4.6,46,"food, point_of_interest, establishment",ice cream,39.7575334,-86.14564949999999,,Closed,Closed,4:00 - 9:00 PM,4:00 - 9:00 PM,4:00 - 9:00 PM,12:00 - 9:00 PM,12:00 - 9:00 PM,http://niceytreat.com/
Sub Zero Nitrogen Ice Cream,"427 Massachusetts Ave, Indianapolis, IN 46204, United States",4.4,1182,"restaurant, food, point_of_interest, store, establishment",ice cream,39.7731265,-86.15133300000001,2,1:00 - 9:00 PM,1:00 - 9:00 PM,1:00 - 9:00 PM,1:00 - 9:00 PM,1:00 - 10:00 PM,12:00 - 10:00 PM,12:00 - 8:00 PM,https://www.subzeroicecream.com/
Nestle Tollhouse Cafe by Chip,"49 W Maryland St Suite d20A, Indianapolis, IN 46204, United States",4.2,68,"cafe, bakery, food, point_of_interest, store, establishment",ice cream,39.7663889,-86.1592483,1,11:00 AM - 7:00 PM,11:00 AM - 7:00 PM,11:00 AM - 7:00 PM,11:00 AM - 7:00 PM,11:00 AM - 7:00 PM,11:00 AM - 7:00 PM,12:00 - 6:00 PM,http://www.nestlecafe.com/
South Bend Chocolate Co,"30 Monument Cir, Indianapolis, IN 46204, United States",4.1,409,"food, point_of_interest, store, establishment",ice cream,39.76795939999999,-86.1584574,,10:00 AM - 8:00 PM,10:00 AM - 8:00 PM,10:00 AM - 8:00 PM,10:00 AM - 8:00 PM,10:00 AM - 10:00 PM,10:00 AM - 10:00 PM,10:00 AM - 8:00 PM,https://sbchocolate.com/
T-swirl crepe,"36 E Washington St, Indianapolis, IN 46204, United States",3.9,70,"food, point_of_interest, store, establishment",ice cream,39.7672262,-86.1568381,,11:00 AM - 9:00 PM,11:00 AM - 9:00 PM,11:00 AM - 9:00 PM,11:00 AM - 9:00 PM,11:00 AM - 10:00 PM,11:00 AM - 10:00 PM,11:00 AM - 9:00 PM,http://t-swirlcrepe.com/
INDYO FROZEN YOGURT,"49 W Maryland St, Indianapolis, IN 46204, United States",3.5,95,"cafe, restaurant, food, point_of_interest, store, establishment",ice cream,39.7658083,-86.1592691,1,10:00 AM - 7:00 PM,10:00 AM - 7:00 PM,10:00 AM - 7:00 PM,10:00 AM - 7:00 PM,10:00 AM - 7:00 PM,10:00 AM - 7:00 PM,12:00 - 6:00 PM,http://www.indyofrozenyogurt.com/
Tuggle's Gifts & Goods,"1029 Virginia Ave, Indianapolis, IN 46203, United States",5.0,12,"point_of_interest, store, establishment",gift shop,39.7532757,-86.1413036,,Closed,11:00 AM - 6:00 PM,11:00 AM - 6:00 PM,11:00 AM - 6:00 PM,11:00 AM - 6:00 PM,10:00 AM - 7:00 PM,11:00 AM - 6:00 PM,http://tugglesgiftsandgoods.com/
Artisans,"429 Massachusetts Ave, Indianapolis, IN 46204, United States",5.0,5,"art_gallery, jewelry_store, point_of_interest, home_goods_store, store, establishment",gift shop,39.773128,-86.151282,,12:00 - 6:00 PM,11:00 AM - 7:00 PM,11:00 AM - 7:00 PM,11:00 AM - 7:00 PM,11:00 AM - 7:00 PM,11:00 AM - 7:00 PM,12:00 - 6:00 PM,http://www.artisansindy.com/
Homespun: Modern Handmade,"869 Massachusetts Ave, Indianapolis, IN 46204, United States",4.8,202,"art_gallery, clothing_store, point_of_interest, store, establishment",gift shop,39.7790525,-86.1429117,,10:00 AM - 8:00 PM,10:00 AM - 8:00 PM,10:00 AM - 8:00 PM,10:00 AM - 8:00 PM,10:00 AM - 9:00 PM,10:00 AM - 9:00 PM,10:00 AM - 6:00 PM,https://www.homespunindy.com/
Silver In the City,"434 Massachusetts Ave, Indianapolis, IN 46204, United States",4.7,414,"jewelry_store, point_of_interest, home_goods_store, store, establishment",gift shop,39.7733855,-86.15170619999999,,10:00 AM - 8:00 PM,10:00 AM - 8:00 PM,10:00 AM - 8:00 PM,10:00 AM - 8:00 PM,10:00 AM - 9:00 PM,10:00 AM - 9:00 PM,10:00 AM - 6:00 PM,http://www.silverinthecity.com/
Global Gifts,"446 Massachusetts Ave, Indianapolis, IN 46204, United States",4.7,65,"point_of_interest, store, establishment",gift shop,39.77354699999999,-86.151477,,10:00 AM - 6:00 PM,10:00 AM - 6:00 PM,10:00 AM - 6:00 PM,10:00 AM - 6:00 PM,10:00 AM - 6:00 PM,10:00 AM - 6:00 PM,11:00 AM - 5:00 PM,https://www.globalgiftsft.com/
"Indiana State Museum, Gallery Shop","650 W Washington St L.S. Ayres Tea Room, Indianapolis, IN 46204, United States",4.7,9,"point_of_interest, store, establishment",gift shop,39.7686382,-86.16943460000002,,Closed,Closed,10:00 AM - 5:00 PM,10:00 AM - 5:00 PM,10:00 AM - 5:00 PM,10:00 AM - 5:00 PM,10:00 AM - 5:00 PM,https://www.indianamuseum.org/experiences/
Circle City Souvenirs,"49 W Maryland St, Indianapolis, IN 46204, United States",4.6,31,"point_of_interest, store, establishment",gift shop,39.7664667,-86.159628,,11:00 PM - 12:00 AM,12:00 AM - 7:00 PM,11:00 AM - 7:00 PM,11:00 AM - 7:00 PM,11:00 AM - 7:00 PM,11:00 AM - 7:00 PM,12:00 AM - 6:00 PM,https://www.circlecitysouvenirs.com/
Indianapolis Zoo Gift Shop,"1200 W Washington St, Indianapolis, IN 46222, United States",4.5,61,"point_of_interest, store, establishment",gift shop,39.7668264,-86.177279,,9:00 AM - 4:00 PM,9:00 AM - 4:00 PM,9:00 AM - 7:00 PM,9:00 AM - 7:00 PM,9:00 AM - 9:00 PM,9:00 AM - 9:00 PM,9:00 AM - 7:00 PM,https://www.muzemerch.com/partner/indianapolis-zoo
Pumkinfish,"906 Carrollton Ave Ste 440, Indianapolis, IN 46202, United States",4.1,30,"point_of_interest, store, establishment",gift shop,39.7799953,-86.14388369999999,,10:30 AM - 9:00 PM,10:30 AM - 9:00 PM,10:30 AM - 9:00 PM,10:30 AM - 9:00 PM,10:30 AM - 10:00 PM,10:30 AM - 10:00 PM,10:30 AM - 9:00 PM,http://www.pumkinfish.com/
The Indiana Store,"650 W Washington St, Indianapolis, IN 46204, United States",3.8,5,"point_of_interest, store, establishment",gift shop,39.7685119,-86.1696324,,Closed,Closed,10:00 AM - 5:00 PM,10:00 AM - 5:00 PM,10:00 AM - 5:00 PM,10:00 AM - 5:00 PM,12:00 - 5:00 PM,http://in.gov/
SHE. EVENT INDY CO - SHEXperience Shoppes,"CIRCLE CENTRE MALL SHEXPERIENCE SHOPPES, 49 W Maryland St D16A, Indianapolis, IN 46204, United States",4.8,59,"shopping_mall, point_of_interest, establishment",mall,39.7656187,-86.1593644,,Closed,11:00 AM - 7:00 PM,11:00 AM - 7:00 PM,11:00 AM - 7:00 PM,11:00 AM - 7:00 PM,11:00 AM - 7:00 PM,12:00 - 6:00 PM,https://shexperience.org/
Circle Centre Mall,"49 W Maryland St, Indianapolis, IN 46204, United States",4.1,10066,"shopping_mall, point_of_interest, establishment",mall,39.7663952,-86.15977520000001,,11:00 AM - 7:00 PM,11:00 AM - 7:00 PM,11:00 AM - 7:00 PM,11:00 AM - 7:00 PM,11:00 AM - 7:00 PM,11:00 AM - 7:00 PM,12:00 - 6:00 PM,https://www.circlecentre.com/?utm_source=gbp&utm_medium=organic
South Street Square Park,"315 E South St, Indianapolis, IN 46225, United States",5.0,6,"park, point_of_interest, establishment",park,39.7606064,-86.1519987,,Open 24 hours,Open 24 hours,Open 24 hours,Open 24 hours,Open 24 hours,Open 24 hours,Open 24 hours,https://www.wishtv.com/news/eli-lilly-donates-park-in-downtown-indianapolis/
Idle Park,"800 Virginia Ave, Indianapolis, IN 46203, United States",4.8,120,"park, point_of_interest, establishment",park,39.7556694,-86.14408949999999,,Open 24 hours,Open 24 hours,Open 24 hours,Open 24 hours,Open 24 hours,Open 24 hours,Open 24 hours,http://www.idleindy.com/
Shawn Grove Park,"1401 Alabama St, Indianapolis, IN 46202, United States",4.7,43,"park, point_of_interest, establishment",park,39.785851,-86.151767,,6:30 AM - 9:00 PM,6:30 AM - 9:00 PM,6:30 AM - 9:00 PM,6:30 AM - 9:00 PM,6:30 AM - 9:00 PM,6:30 AM - 9:00 PM,6:30 AM - 9:00 PM,https://www.oldnorthside.org/onsf
Great Oak Commons,"1427 N Park Ave, Indianapolis, IN 46202, United States",4.7,27,"park, point_of_interest, establishment",park,39.78603560000001,-86.1472734,,6:30 AM - 9:00 PM,6:30 AM - 9:00 PM,6:30 AM - 9:00 PM,6:30 AM - 9:00 PM,6:30 AM - 9:00 PM,6:30 AM - 9:00 PM,6:30 AM - 9:00 PM,https://www.oldnorthside.org/onsf
Pathways to Peace Garden,"360 Indiana Ave, Indianapolis, IN 46204, United States",4.7,6,"park, point_of_interest, establishment",park,39.772366,-86.16309799999999,,8:00 AM - 9:00 PM,8:00 AM - 9:00 PM,8:00 AM - 9:00 PM,8:00 AM - 9:00 PM,8:00 AM - 9:00 PM,8:00 AM - 9:00 PM,8:00 AM - 9:00 PM,http://indyparks.org/
Ransom Place,"801 Indiana Ave, Indianapolis, IN 46202, United States",4.5,11,"park, point_of_interest, establishment",park,39.77844599999999,-86.1701901,,8:00 AM - 9:00 PM,8:00 AM - 9:00 PM,8:00 AM - 9:00 PM,8:00 AM - 9:00 PM,8:00 AM - 9:00 PM,8:00 AM - 9:00 PM,8:00 AM - 9:00 PM,http://funfinder.indy.gov/#/details/167
Edna Balz Lacy Family Park,"700 Greer St, Indianapolis, IN 46203, United States",4.4,87,"park, tourist_attraction, point_of_interest, establishment",park,39.7570636,-86.1484061,,8:00 AM - 9:00 PM,8:00 AM - 9:00 PM,8:00 AM - 9:00 PM,8:00 AM - 9:00 PM,8:00 AM - 9:00 PM,8:00 AM - 9:00 PM,8:00 AM - 9:00 PM,http://funfinder.indy.gov/#/details/143
Presidential Place Park,"301 E Washington St, Indianapolis, IN 46204, United States",4.4,33,"park, tourist_attraction, point_of_interest, establishment",park,39.766859,-86.15202380000001,,8:00 AM - 9:00 PM,8:00 AM - 9:00 PM,8:00 AM - 9:00 PM,8:00 AM - 9:00 PM,8:00 AM - 9:00 PM,8:00 AM - 9:00 PM,8:00 AM - 9:00 PM,http://funfinder.indy.gov/#/details/72
Ensign Graham Edward Martin Park,"W 16th St & Fall Creek Pkwy E Dr, Indianapolis, IN 46202, United States",4.2,191,"park, point_of_interest, establishment",park,39.78712,-86.17305329999999,,8:00 AM - 9:00 PM,8:00 AM - 9:00 PM,8:00 AM - 9:00 PM,8:00 AM - 9:00 PM,8:00 AM - 9:00 PM,8:00 AM - 9:00 PM,8:00 AM - 9:00 PM,http://funfinder.indy.gov/#/details/112
Babe Denny Park,"900 Meikel St, Indianapolis, IN 46225, United States",4.2,50,"park, tourist_attraction, point_of_interest, establishment",park,39.7554746,-86.1646829,,8:00 AM - 9:00 PM,8:00 AM - 9:00 PM,8:00 AM - 9:00 PM,8:00 AM - 9:00 PM,8:00 AM - 9:00 PM,8:00 AM - 9:00 PM,8:00 AM - 9:00 PM,http://funfinder.indy.gov/#/details/37
McCarty Triangle Park,"1100 W McCarty St, Indianapolis, IN 46225, United States",4.0,45,"park, point_of_interest, establishment",park,39.7564961,-86.1799101,,8:00 AM - 9:00 PM,8:00 AM - 9:00 PM,8:00 AM - 9:00 PM,8:00 AM - 9:00 PM,8:00 AM - 9:00 PM,8:00 AM - 9:00 PM,8:00 AM - 9:00 PM,http://funfinder.indy.gov/#/details/50
Urban Wilderness Trail,"1515 W New York St, Indianapolis, IN 46222, United States",5.0,2,"park, point_of_interest, establishment",state park,39.77073170000001,-86.18088929999999,,Open 24 hours,Open 24 hours,Open 24 hours,Open 24 hours,Open 24 hours,Open 24 hours,Open 24 hours,https://www.facebook.com/NeshobaHata/
Waterfront Pavilion,"White River Trail, Indianapolis, IN 46222, United States",4.8,29,"park, tourist_attraction, point_of_interest, establishment",state park,39.766511,-86.175344,,5:00 AM - 11:00 PM,5:00 AM - 11:00 PM,5:00 AM - 11:00 PM,5:00 AM - 11:00 PM,5:00 AM - 11:00 PM,5:00 AM - 11:00 PM,5:00 AM - 11:00 PM,https://www.whiteriverstatepark.org/portfolio-items/waterfront-pavilion/
White River State Park,"801 W Washington St, Indianapolis, IN 46204, United States",4.7,4460,"tourist_attraction, park, point_of_interest, establishment",state park,39.7665464,-86.17078579999999,,5:00 AM - 11:00 PM,5:00 AM - 11:00 PM,5:00 AM - 11:00 PM,5:00 AM - 11:00 PM,5:00 AM - 11:00 PM,5:00 AM - 11:00 PM,5:00 AM - 11:00 PM,https://www.whiteriverstatepark.org/
Military Park,"601 W New York St, Indianapolis, IN 46202, United States",4.6,1591,"tourist_attraction, park, point_of_interest, establishment",state park,39.77059,-86.1687006,,5:00 AM - 11:00 PM,5:00 AM - 11:00 PM,5:00 AM - 11:00 PM,5:00 AM - 11:00 PM,5:00 AM - 11:00 PM,5:00 AM - 11:00 PM,5:00 AM - 11:00 PM,https://www.whiteriverstatepark.org/
Wheel Fun Rentals - White River State Park,"801 W Washington St, Indianapolis, IN 46204, United States",4.5,66,"park, point_of_interest, establishment",state park,39.7674416,-86.17023619999999,,12:00 - 8:45 PM,12:00 - 8:45 PM,12:00 - 8:45 PM,12:00 - 8:45 PM,12:00 - 8:45 PM,10:00 AM - 8:45 PM,10:00 AM - 8:45 PM,http://wheelfunrentals.com/in/indianapolis/white-river-state-park/
Indiana Government Center (Robert D. Orr Plaza),"100 N Senate Ave, Indianapolis, IN 46204, United States",4.5,2,"park, point_of_interest, establishment",state park,39.7687263,-86.1650131,,7:00 AM - 8:00 PM,7:00 AM - 8:00 PM,7:00 AM - 8:00 PM,7:00 AM - 8:00 PM,7:00 AM - 8:00 PM,7:00 AM - 8:00 PM,7:00 AM - 8:00 PM,http://www.in.gov/
Indianapolis Zoo Skyline,"1200 W Washington St, Indianapolis, IN 46222, United States",5.0,2,"point_of_interest, establishment",zoo,39.7684055,-86.18070300000001,,Closed,10:00 AM - 3:00 PM,10:00 AM - 3:00 PM,10:00 AM - 3:00 PM,10:00 AM - 3:00 PM,10:00 AM - 3:00 PM,10:00 AM - 3:00 PM,http://www.indianapoliszoo.com/
Simon Skjodt International Orangutan Center,"Simon Skjodt International Orangutan Center, 1200 W Washington St, Indianapolis, IN 46222, United States",4.8,171,"tourist_attraction, point_of_interest, establishment",zoo,39.768005,-86.18063470000001,,,,,,,,,https://www.indianapoliszoo.com/exhibits/orangutan-center/
Deserts Dome,"1200 W Washington St, Indianapolis, IN 46222, United States",4.8,6,"point_of_interest, establishment",zoo,39.7682975,-86.1798862,,,,,,,,,https://www.indianapoliszoo.com/exhibits/deserts/
Indianapolis Zoo,"1200 W Washington St, Indianapolis, IN 46222, United States",4.5,16728,"zoo, aquarium, tourist_attraction, point_of_interest, establishment",zoo,39.76757459999999,-86.1796262,,9:00 AM - 4:00 PM,9:00 AM - 4:00 PM,9:00 AM - 7:00 PM,9:00 AM - 7:00 PM,9:00 AM - 9:00 PM,9:00 AM - 9:00 PM,9:00 AM - 7:00 PM,http://www.indianapoliszoo.com/
Indianapolis Zoo Admissions Building,"1200 W Washington St, Indianapolis, IN 46222, United States",4.3,54,"zoo, travel_agency, point_of_interest, establishment",zoo,39.7667748,-86.17701679999999,,9:00 AM - 4:00 PM,9:00 AM - 4:00 PM,9:00 AM - 7:00 PM,9:00 AM - 7:00 PM,9:00 AM - 9:00 PM,9:00 AM - 9:00 PM,Closed,http://www.indianapoliszoo.com/
IUPUI Softball Complex,"1101 W New York St, Indianapolis, IN 46202, United States",5.0,1,"stadium, point_of_interest, establishment",stadium,39.771195,-86.1796867,,,,,,,,,http://iupuijags.com/
Victory Field,"501 W Maryland St, Indianapolis, IN 46225, United States",4.8,4525,"stadium, point_of_interest, establishment",stadium,39.7647442,-86.16867429999999,,9:00 AM - 5:00 PM,9:00 AM - 5:00 PM,9:00 AM - 5:00 PM,9:00 AM - 5:00 PM,9:00 AM - 5:00 PM,9:00 AM - 5:00 PM,9:00 AM - 5:00 PM,http://www.indyindians.com/
Lucas Oil Stadium,"500 S Capitol Ave, Indianapolis, IN 46225, United States",4.7,12357,"stadium, point_of_interest, establishment",stadium,39.76010069999999,-86.16388769999999,,,,,,,,,http://www.lucasoilstadium.com/
Gainbridge Fieldhouse,"125 S Pennsylvania St, Indianapolis, IN 46204, United States",4.6,9593,"point_of_interest, establishment",stadium,39.7640434,-86.1555367,,,,,,,,,http://www.gainbridgefieldhouse.com/
Michael A. Carroll Track and Soccer Stadium,"1001 W New York St, Indianapolis, IN 46202, United States",4.4,280,"stadium, point_of_interest, establishment",stadium,39.7711263,-86.17788000000002,,,,,,,,,https://track-soccer.iupui.edu/
Stadium Lofts,"1510 Stadium Way, Indianapolis, IN 46202, United States",3.6,131,"point_of_interest, establishment",stadium,39.7871098,-86.1899751,,9:00 AM - 5:00 PM,9:00 AM - 5:00 PM,9:00 AM - 5:00 PM,9:00 AM - 5:00 PM,9:00 AM - 5:00 PM,10:00 AM - 4:00 PM,Closed,https://www.coreredevelopment.com/stadium-lofts
1933 Lounge,"127 Illinois St, Indianapolis, IN 46225, United States",4.6,329,"bar, night_club, point_of_interest, establishment",bar,39.7648203,-86.15982079999999,,4:00 - 10:30 PM,4:00 - 10:30 PM,4:00 - 10:30 PM,4:00 - 10:30 PM,4:00 PM - 12:00 AM,4:00 PM - 12:00 AM,4:00 - 9:30 PM,https://www.stelmos.com/1933-lounge/
The Whistle Stop Inn,"375 Illinois St, Indianapolis, IN 46225, United States",4.6,260,"bar, restaurant, food, point_of_interest, establishment",bar,39.76165160000001,-86.1599258,1,11:00 AM - 12:00 AM,11:00 AM - 12:00 AM,11:00 AM - 12:00 AM,11:00 AM - 1:00 AM,11:00 AM - 3:00 AM,12:00 PM - 3:00 AM,Closed,http://thewhistlestopin.com/
Burnside Inn,"314 Massachusetts Ave, Indianapolis, IN 46204, United States",4.6,237,"bar, point_of_interest, establishment",bar,39.77183479999999,-86.1538999,2,Closed,Closed,5:00 PM - 12:00 AM,5:00 PM - 1:00 AM,5:00 PM - 3:00 AM,2:00 PM - 3:00 AM,4:00 PM - 12:00 AM,https://www.facebook.com/pg/BurnsideInnLounge
Mass Avenue Pub,"745 Massachusetts Ave, Indianapolis, IN 46204, United States",4.5,688,"bar, restaurant, food, point_of_interest, establishment",bar,39.777017,-86.145822,1,11:00 AM - 3:00 AM,11:00 AM - 3:00 AM,11:00 AM - 3:00 AM,11:00 AM - 3:00 AM,11:00 AM - 3:00 AM,11:00 AM - 3:00 AM,12:00 PM - 3:00 AM,http://massavenuepub.com/
Dugout Bar,"621 Virginia Ave, Indianapolis, IN 46203, United States",4.5,685,"bar, restaurant, food, point_of_interest, establishment",bar,39.75823889999999,-86.1464361,1,11:00 AM - 1:00 AM,11:00 AM - 1:00 AM,11:00 AM - 1:00 AM,11:00 AM - 1:00 AM,11:00 AM - 1:00 AM,11:00 AM - 1:00 AM,Closed,http://thedugoutindy.com/
Plat 99,"333 Delaware St, Indianapolis, IN 46204, United States",4.5,231,"night_club, bar, food, point_of_interest, establishment",bar,39.76176279999999,-86.1543351,2,5:00 - 10:00 PM,5:00 - 10:00 PM,5:00 - 10:00 PM,5:00 - 10:00 PM,4:00 PM - 12:00 AM,4:00 PM - 12:00 AM,5:00 - 10:00 PM,https://www.thealexander.com/dining/plat-99
Kilroy's Bar & Grill,"201 S Meridian St, Indianapolis, IN 46225, United States",4.3,3292,"bar, restaurant, food, point_of_interest, establishment",bar,39.76407510000001,-86.15802029999999,2,11:00 AM - 1:00 AM,11:00 AM - 1:00 AM,11:00 AM - 1:00 AM,11:00 AM - 1:00 AM,11:00 AM - 2:00 AM,11:00 AM - 2:00 AM,11:00 AM - 12:00 AM,http://www.kilroysindy.com/
Loughmiller's Pub & Eatery,"301 W Washington St, Indianapolis, IN 46204, United States",4.3,1038,"bar, restaurant, food, point_of_interest, establishment",bar,39.76694490000001,-86.1637921,2,11:00 AM - 12:00 AM,11:00 AM - 12:00 AM,11:00 AM - 12:00 AM,11:00 AM - 12:00 AM,11:00 AM - 12:00 AM,12:00 PM - 12:00 AM,Closed,http://www.loughmillerspub.com/
Brothers Bar & Grill,"255 S Meridian St, Indianapolis, IN 46225, United States",4.2,1539,"bar, restaurant, food, point_of_interest, establishment",bar,39.7629003,-86.15804680000001,1,11:00 AM - 3:00 AM,11:00 AM - 3:00 AM,11:00 AM - 3:00 AM,11:00 AM - 3:00 AM,11:00 AM - 3:00 AM,11:00 AM - 3:00 AM,11:00 AM - 12:00 AM,http://www.brothersbar.com/
Empire Street Bar & Grille,"419 S West St, Indianapolis, IN 46225, United States",4.2,37,"bar, restaurant, food, point_of_interest, establishment",bar,39.761071,-86.16700940000001,,11:00 AM - 11:00 PM,11:00 AM - 11:00 PM,11:00 AM - 11:00 PM,11:00 AM - 11:00 PM,11:00 AM - 11:00 PM,4:00 - 11:00 PM,Closed,http://www.empirestreetbar.com/
Living Room Lounge,"934 N Pennsylvania St, Indianapolis, IN 46204, United States",4.1,1420,"night_club, bar, restaurant, food, point_of_interest, establishment",bar,39.7801998,-86.1559357,1,10:00 AM - 3:00 AM,10:00 AM - 3:00 AM,10:00 AM - 3:00 AM,10:00 AM - 3:00 AM,10:00 AM - 3:00 AM,10:00 AM - 3:00 AM,10:00 AM - 3:00 AM,http://do317.com/venues/the-living-room-lounge
Wild Beaver Saloon,"20 E Maryland St, Indianapolis, IN 46204, United States",4.1,348,"bar, point_of_interest, establishment",bar,39.7657434,-86.15735160000001,1,Closed,Closed,5:00 PM - 3:00 AM,5:00 PM - 3:00 AM,5:00 PM - 3:00 AM,12:00 PM - 3:00 AM,5:00 PM - 3:00 AM,https://www.thewildbeaversaloon.com/
Taps and Dolls,"247 S Meridian St, Indianapolis, IN 46225, United States",4.0,861,"bar, restaurant, food, point_of_interest, establishment",bar,39.7630856,-86.1578842,2,6:00 PM - 3:00 AM,6:00 PM - 3:00 AM,6:00 PM - 3:00 AM,6:00 PM - 3:00 AM,6:00 PM - 3:00 AM,6:00 PM - 3:00 AM,6:00 PM - 3:00 AM,http://www.tapsanddolls.com/
Tiki Bob's,"231 S Meridian St, Indianapolis, IN 46225, United States",4.0,488,"bar, point_of_interest, establishment",bar,39.763402,-86.15796979999999,2,Closed,10:00 PM - 3:00 AM,10:00 PM - 3:00 AM,10:00 PM - 3:00 AM,8:00 PM - 3:00 AM,8:00 PM - 3:00 AM,10:00 PM - 3:00 AM,https://sc8202.wixsite.com/website-2
Indianapolis Fire Fighters Museum,"748 Massachusetts Ave, Indianapolis, IN 46204, United States",4.8,139,"museum, tourist_attraction, point_of_interest, establishment",museum,39.7774843,-86.14573229999999,,8:00 AM - 5:00 PM,8:00 AM - 5:00 PM,8:00 AM - 5:00 PM,8:00 AM - 5:00 PM,8:00 AM - 4:00 PM,Closed,Closed,http://l416.com/
Kurt Vonnegut Museum & Library,"543 Indiana Ave, Indianapolis, IN 46202, United States",4.8,92,"tourist_attraction, art_gallery, museum, library, store, point_of_interest, establishment",museum,39.77550799999999,-86.16627,,10:00 AM - 7:00 PM,10:00 AM - 7:00 PM,Closed,10:00 AM - 7:00 PM,10:00 AM - 7:00 PM,10:00 AM - 7:00 PM,10:00 AM - 5:00 PM,http://www.vonnegutlibrary.org/
IPS Crispus Attucks Museum,"1140 Doctor M.L.K. Jr St, Indianapolis, IN 46202, United States",4.8,43,"tourist_attraction, museum, point_of_interest, establishment",museum,39.7829242,-86.169851,,Closed,10:00 AM - 6:00 PM,10:00 AM - 6:00 PM,10:00 AM - 6:00 PM,10:00 AM - 6:00 PM,10:00 AM - 3:00 PM,10:00 AM - 3:00 PM,https://facebook.com/crispus.attucks.549
Indiana War Memorial & Museum,"55 E Michigan St, Indianapolis, IN 46204, United States",4.7,2372,"tourist_attraction, park, point_of_interest, establishment",museum,39.7733607,-86.15695079999999,,Closed,Closed,9:00 AM - 5:00 PM,9:00 AM - 5:00 PM,9:00 AM - 5:00 PM,9:00 AM - 5:00 PM,9:00 AM - 5:00 PM,https://www.indianawarmemorials.org/
Rhythm! Discovery Center,"Claypool Court Building, 110 W Washington St A, Indianapolis, IN 46204, United States",4.7,284,"museum, tourist_attraction, electronics_store, home_goods_store, store, point_of_interest, establishment",museum,39.767311,-86.16007429999999,,10:00 AM - 5:00 PM,Closed,Closed,Closed,10:00 AM - 5:00 PM,10:00 AM - 5:00 PM,12:00 - 5:00 PM,http://rhythmdiscoverycenter.org/
James Whitcomb Riley Museum Home & Visitor Center,"528 Lockerbie St, Indianapolis, IN 46202, United States",4.7,75,"museum, tourist_attraction, point_of_interest, establishment",museum,39.77222219999999,-86.1477778,,Closed,Closed,Closed,10:00 AM - 3:30 PM,10:00 AM - 3:30 PM,10:00 AM - 3:30 PM,Closed,http://rileymuseumhome.org/
Indiana State Museum,"650 W Washington St, Indianapolis, IN 46204, United States",4.6,3335,"museum, tourist_attraction, store, point_of_interest, establishment",museum,39.76839189999999,-86.1695013,,Closed,Closed,10:00 AM - 5:00 PM,10:00 AM - 5:00 PM,10:00 AM - 5:00 PM,10:00 AM - 5:00 PM,10:00 AM - 5:00 PM,http://www.indianamuseum.org/
Eiteljorg Museum,"500 W Washington St, Indianapolis, IN 46204, United States",4.6,1657,"tourist_attraction, museum, point_of_interest, establishment",museum,39.76857539999999,-86.16779149999999,,10:00 AM - 5:00 PM,10:00 AM - 5:00 PM,10:00 AM - 5:00 PM,10:00 AM - 5:00 PM,10:00 AM - 5:00 PM,10:00 AM - 5:00 PM,12:00 - 5:00 PM,http://www.eiteljorg.org/
Eugene and Marilyn Glick Indiana History Center,"450 W Ohio St, Indianapolis, IN 46202, United States",4.5,18,"tourist_attraction, museum, library, point_of_interest, establishment",museum,39.770259,-86.16587659999999,,Closed,10:00 AM - 5:00 PM,10:00 AM - 5:00 PM,10:00 AM - 5:00 PM,10:00 AM - 5:00 PM,10:00 AM - 5:00 PM,Closed,http://www.indianahistory.org/
Masonic Library and Museum of Indiana,"525 N Illinois St, Indianapolis, IN 46204, United States",4.5,8,"museum, point_of_interest, establishment",museum,39.7752165,-86.1594137,,,,,,,,,http://mlmindiana.org/
NCAA Hall of Champions,"White River State Park, 700 W Washington St, Indianapolis, IN 46204, United States",4.4,418,"museum, store, point_of_interest, establishment",museum,39.7680704,-86.1714803,,Closed,10:00 AM - 5:00 PM,10:00 AM - 5:00 PM,10:00 AM - 5:00 PM,10:00 AM - 5:00 PM,10:00 AM - 5:00 PM,12:00 - 5:00 PM,http://www.ncaahallofchampions.org/
CityWay Gallery,"216 E South St, Indianapolis, IN 46204, United States",3.6,22,"art_gallery, tourist_attraction, point_of_interest, establishment",museum,39.76175110000001,-86.1537171,,9:00 PM - 12:00 AM,12:00 AM - 7:00 PM,12:00 AM - 7:00 PM,12:00 AM - 7:00 PM,12:00 AM - 7:00 PM,12:00 AM - 7:00 PM,12:00 AM - 7:00 PM,https://www.cityway.com/artgallery
The Escape Room Indianapolis,"200 S Meridian St STE 220, Indianapolis, IN 46225, United States",4.8,1863,"tourist_attraction, point_of_interest, establishment",tourist,39.7639469,-86.1584453,,1:00 - 10:00 PM,10:30 AM - 10:00 PM,10:30 AM - 10:00 PM,10:30 AM - 10:00 PM,10:30 AM - 1:30 AM,8:30 AM - 1:30 AM,1:00 - 10:00 PM,https://escaperoomindy.com/
The Indianapolis Cultural Trail,"132 W Walnut St, Indianapolis, IN 46204, United States",4.8,40,"tourist_attraction, point_of_interest, establishment",tourist,39.77716230000001,-86.1609596,,,,,,,,,http://indyculturaltrail.org/
Soldiers & Sailors Monument,"1 Monument Cir, Indianapolis, IN 46204, United States",4.7,8028,"tourist_attraction, point_of_interest, establishment",tourist,39.7685459,-86.1580437,,Closed,Closed,Closed,Closed,10:30 AM - 5:30 PM,10:30 AM - 5:30 PM,10:30 AM - 5:30 PM,http://www.in.gov/iwm
Indianapolis Canal Walk,"Canal Walk, Indianapolis, IN 46202, United States",4.7,2288,"park, tourist_attraction, point_of_interest, establishment",tourist,39.7752036,-86.165168,,7:00 AM - 8:00 PM,7:00 AM - 8:00 PM,7:00 AM - 8:00 PM,7:00 AM - 8:00 PM,7:00 AM - 8:00 PM,7:00 AM - 8:00 PM,7:00 AM - 8:00 PM,https://www.whiteriverstatepark.org/
Indiana Historical Society,"450 W Ohio St, Indianapolis, IN 46202, United States",4.7,842,"tourist_attraction, museum, point_of_interest, establishment",tourist,39.77023459999999,-86.16554140000001,,Closed,10:00 AM - 5:00 PM,10:00 AM - 5:00 PM,10:00 AM - 5:00 PM,10:00 AM - 5:00 PM,10:00 AM - 5:00 PM,Closed,http://www.indianahistory.org/
Indiana Statehouse,"200 W Washington St, Indianapolis, IN 46204, United States",4.6,224,"tourist_attraction, local_government_office, point_of_interest, establishment",tourist,39.7687475,-86.162642,,8:00 AM - 5:00 PM,8:00 AM - 5:00 PM,8:00 AM - 5:00 PM,8:00 AM - 5:00 PM,8:00 AM - 5:00 PM,10:00 AM - 2:00 PM,Closed,https://www.in.gov/idoa/2371.htm
Catacombs,"222 E Market St, Indianapolis, IN 46204, United States",3.8,79,"tourist_attraction, point_of_interest, establishment",tourist,39.7687329,-86.1534198,,,,,,,,,https://www.indianalandmarks.org/tours-events/ongoing-tours-events/city-market-catacombs-tour/
